Fare,PassengerId,Pclass,Survived,FamilySize,Child,Sex_0,Sex_1,Embarked_C,Embarked_Q,Embarked_S,Name_0,Name_1,Name_2,Name_3,Name_4,Name_5
0.014151057562208049,1,3,0.0,1,0,0,1,0,0,1,0,0,1,0,0,0
0.13913573538264068,2,1,1.0,1,0,1,0,1,0,0,0,0,0,1,0,0
0.015468569817999833,3,3,1.0,0,0,1,0,0,0,1,0,1,0,0,0,0
0.10364429745562033,4,1,1.0,1,0,1,0,0,0,1,0,0,0,1,0,0
0.015712553569072387,5,3,0.0,0,0,0,1,0,0,1,0,0,1,0,0,0
0.01650950209357577,6,3,0.0,0,0,0,1,0,1,0,0,0,1,0,0,0
0.10122885832000206,7,1,0.0,0,0,0,1,0,0,1,0,0,1,0,0,0
0.04113566043083236,8,3,0.0,4,1,0,1,0,0,1,1,0,0,0,0,0
0.021730754366528396,9,3,1.0,2,0,1,0,0,0,1,0,0,0,1,0,0
0.058694292654020104,10,2,1.0,1,0,1,0,1,0,0,0,0,0,1,0,0
0.03259622914329302,11,3,1.0,2,1,1,0,0,0,1,0,1,0,0,0,0
0.051822148727810165,12,1,1.0,0,0,1,0,0,0,1,0,1,0,0,0,0
0.015712553569072387,13,3,0.0,0,0,0,1,0,0,1,0,0,1,0,0,0
0.06104473451835265,14,3,0.0,6,0,0,1,0,0,1,0,0,1,0,0,0
0.015330377421392339,15,3,0.0,0,0,1,0,0,0,1,0,1,0,0,0,0
0.03122992013728673,16,2,1.0,0,0,1,0,0,0,1,0,0,0,1,0,0
0.056848213999904744,17,3,0.0,5,1,0,1,0,1,0,1,0,0,0,0,0
0.025374310111545468,18,2,1.0,0,0,0,1,0,0,1,0,0,1,0,0,0
0.03513366015444757,19,3,0.0,1,0,1,0,0,0,1,0,0,0,1,0,0
0.014102260811993537,20,3,1.0,0,0,1,0,1,0,0,0,0,0,1,0,0
0.050748620223090936,21,2,0.0,0,0,0,1,0,0,1,0,0,1,0,0,0
0.025374310111545468,22,2,1.0,0,0,0,1,0,0,1,0,0,1,0,0,0
0.015671954672893913,23,3,1.0,0,0,1,0,0,1,0,0,1,0,0,0,0
0.06929138530460492,24,1,1.0,0,0,0,1,0,0,1,0,0,1,0,0,0
0.04113566043083236,25,3,0.0,4,1,1,0,0,0,1,0,1,0,0,0,0
0.061264319894317944,26,3,1.0,6,0,1,0,0,0,1,0,0,0,1,0,0
0.014102260811993537,27,3,0.0,0,0,0,1,1,0,0,0,0,1,0,0,0
0.5133418122566505,28,1,0.0,5,0,0,1,0,0,1,0,0,1,0,0,0
0.01537917417160685,29,3,1.0,0,0,1,0,0,1,0,0,1,0,0,0,0
0.015411575213749284,30,3,0.0,0,0,0,1,0,0,1,0,0,1,0,0,0
0.05410739813385612,31,1,0.0,0,0,0,1,1,0,0,0,0,0,0,1,0
0.2859895551532101,32,1,1.0,1,0,1,0,1,0,0,0,0,0,1,0,0
0.015126992566498259,33,3,1.0,0,0,1,0,0,1,0,0,1,0,0,0,0
0.020494635090094415,34,2,0.0,0,0,0,1,0,0,1,0,0,1,0,0,0
0.16038672010106,35,1,0.0,1,0,0,1,1,0,0,0,0,1,0,0,0
0.10149724044618187,36,1,0.0,1,0,0,1,0,0,1,0,0,1,0,0,0
0.014110458666029575,37,3,1.0,0,0,0,1,1,0,0,0,0,1,0,0,0
0.015712553569072387,38,3,0.0,0,0,0,1,0,0,1,0,0,1,0,0,0
0.03513366015444757,39,3,0.0,2,0,1,0,0,0,1,0,1,0,0,0,0
0.021942337075458514,40,3,1.0,1,0,1,0,1,0,0,0,1,0,0,0,0
0.018493968331299484,41,3,0.0,1,0,1,0,0,0,1,0,0,0,1,0,0
0.04098927018018883,42,2,0.0,1,0,1,0,0,0,1,0,0,0,1,0,0
0.015411575213749284,43,3,0.0,0,0,0,1,1,0,0,0,0,1,0,0,0
0.08115719346076702,44,2,1.0,3,1,1,0,1,0,0,0,1,0,0,0,0
0.01537917417160685,45,3,1.0,0,0,1,0,0,1,0,0,1,0,0,0,0
0.015712553569072387,46,3,0.0,0,0,0,1,0,0,1,0,0,1,0,0,0
0.030253985132996517,47,3,0.0,1,0,0,1,0,1,0,0,0,1,0,0,0
0.015126992566498259,48,3,1.0,0,0,1,0,0,1,0,0,1,0,0,0,0
0.04231498029001666,49,3,0.0,2,0,0,1,1,0,0,0,0,1,0,0,0
0.034743286152731485,50,3,0.0,1,0,1,0,0,0,1,0,0,0,1,0,0
0.07746484096553544,51,3,0.0,5,1,0,1,0,0,1,1,0,0,0,0,0
0.01522458606692728,52,3,0.0,0,0,0,1,0,0,1,0,0,1,0,0,0
0.1497654242623688,53,1,1.0,1,0,1,0,1,0,0,0,0,0,1,0,0
0.050748620223090936,54,2,1.0,1,0,1,0,0,0,1,0,0,0,1,0,0
0.1209753416358076,55,1,0.0,1,0,0,1,1,0,0,0,0,1,0,0,0
0.06929138530460492,56,1,1.0,0,0,0,1,0,0,1,0,0,1,0,0,0
0.020494635090094415,57,2,1.0,0,0,1,0,0,0,1,0,1,0,0,0,0
0.014110458666029575,58,3,0.0,0,0,0,1,1,0,0,0,0,1,0,0,0
0.05416439273810667,59,2,1.0,3,1,1,0,0,0,1,0,1,0,0,0,0
0.09154270340242172,60,3,0.0,7,1,0,1,0,0,1,1,0,0,0,0,0
0.014110458666029575,61,3,0.0,0,0,0,1,1,0,0,0,0,1,0,0,0
0.15614960068643363,62,1,1.0,0,0,1,0,0,0,1,0,1,0,0,0,0
0.16293234896625058,63,1,0.0,1,0,0,1,0,0,1,0,0,1,0,0,0
0.05445717323939373,64,3,0.0,5,1,0,1,0,0,1,1,0,0,0,0,0
0.05410739813385612,65,1,0.0,0,0,0,1,1,0,0,0,0,1,0,0,0
0.029757819776815374,66,3,1.0,2,0,0,1,1,0,0,1,0,0,0,0,0
0.020494635090094415,67,2,1.0,0,0,1,0,0,0,1,0,0,0,1,0,0
0.015923941091001644,68,3,0.0,0,0,0,1,0,0,1,0,0,1,0,0,0
0.015468569817999833,69,3,1.0,6,0,1,0,0,0,1,0,1,0,0,0,0
0.016908073949327893,70,3,0.0,2,0,0,1,0,0,1,0,0,1,0,0,0
0.020494635090094415,71,2,0.0,0,0,0,1,0,0,1,0,0,1,0,0,0
0.09154270340242172,72,3,0.0,7,0,1,0,0,0,1,0,1,0,0,0,0
0.1434624456306609,73,2,0.0,0,0,0,1,0,0,1,0,0,1,0,0,0
0.028212719478023115,74,3,0.0,1,0,0,1,1,0,0,0,0,1,0,0,0
0.11027245763075773,75,3,1.0,0,0,0,1,0,0,1,0,0,1,0,0,0
0.014931805565640218,76,3,0.0,0,0,0,1,0,0,1,0,0,1,0,0,0
0.015411575213749284,77,3,0.0,0,0,0,1,0,0,1,0,0,1,0,0,0
0.015712553569072387,78,3,0.0,0,0,0,1,0,0,1,0,0,1,0,0,0
0.056604230248832196,79,2,1.0,2,1,0,1,0,0,1,1,0,0,0,0,0
0.024349578357040744,80,3,1.0,0,0,1,0,0,0,1,0,1,0,0,0,0
0.017566830077223785,81,3,0.0,0,0,0,1,0,0,1,0,0,1,0,0,0
0.018542765081513996,82,3,1.0,0,0,0,1,0,0,1,0,0,1,0,0,0
0.015200187691820024,83,3,1.0,0,0,1,0,0,1,0,0,1,0,0,0,0
0.09193307740413781,84,1,0.0,0,0,0,1,0,0,1,0,0,1,0,0,0
0.020494635090094415,85,2,1.0,0,0,1,0,0,0,1,0,1,0,0,0,0
0.030937139635999665,86,3,1.0,3,0,1,0,0,0,1,0,0,0,1,0,0
0.06709553154495196,87,3,0.0,4,0,0,1,0,0,1,0,0,1,0,0,0
0.015712553569072387,88,3,0.0,0,0,0,1,0,0,1,0,0,1,0,0,0
0.5133418122566505,89,1,1.0,5,0,1,0,0,0,1,0,1,0,0,0,0
0.015712553569072387,90,3,0.0,0,0,0,1,0,0,1,0,0,1,0,0,0
0.015712553569072387,91,3,0.0,0,0,0,1,0,0,1,0,0,1,0,0,0
0.015330377421392339,92,3,0.0,0,0,0,1,0,0,1,0,0,1,0,0,0
0.11940564777490723,93,1,0.0,1,0,0,1,0,0,1,0,0,1,0,0,0
0.04015972542654215,94,3,0.0,3,0,0,1,0,0,1,0,0,1,0,0,0
0.014151057562208049,95,3,0.0,0,0,0,1,0,0,1,0,0,1,0,0,0
0.015712553569072387,96,3,0.0,0,0,0,1,0,0,1,0,0,1,0,0,0
0.06764049365134761,97,1,0.0,0,0,0,1,1,0,0,0,0,1,0,0,0
0.12366716556464086,98,1,1.0,1,0,0,1,1,0,0,0,0,1,0,0,0
0.04489301019734967,99,2,1.0,1,0,1,0,0,0,1,0,0,0,1,0,0
0.050748620223090936,100,2,0.0,1,0,0,1,0,0,1,0,0,1,0,0,0
0.015411575213749284,101,3,0.0,0,0,1,0,0,0,1,0,1,0,0,0,0
0.015411575213749284,102,3,0.0,0,0,0,1,0,0,1,0,0,1,0,0,0
0.15085515328815924,103,1,0.0,1,0,0,1,0,0,1,0,0,1,0,0,0
0.016891873428256675,104,3,0.0,0,0,0,1,0,0,1,0,0,1,0,0,0
0.015468569817999833,105,3,0.0,2,0,0,1,0,0,1,0,0,1,0,0,0
0.015411575213749284,106,3,0.0,0,0,0,1,0,0,1,0,0,1,0,0,0
0.014931805565640218,107,3,1.0,0,0,1,0,0,0,1,0,1,0,0,0,0
0.015175789316712771,108,3,1.0,0,0,0,1,0,0,1,0,0,1,0,0,0
0.015411575213749284,109,3,0.0,0,0,0,1,0,0,1,0,0,1,0,0,0
0.04713766070721715,110,3,1.0,1,0,1,0,0,1,0,0,1,0,0,0,0
0.10149724044618187,111,1,0.0,0,0,0,1,0,0,1,0,0,1,0,0,0
0.028212719478023115,112,3,0.0,1,0,1,0,1,0,0,0,1,0,0,0,0
0.015712553569072387,113,3,0.0,0,0,0,1,0,0,1,0,0,1,0,0,0
0.019177122834302632,114,3,0.0,1,0,1,0,0,0,1,0,1,0,0,0,0
0.028220722145058292,115,3,0.0,0,0,1,0,1,0,0,0,1,0,0,0,0
0.015468569817999833,116,3,0.0,0,0,0,1,0,0,1,0,0,1,0,0,0
0.015126992566498259,117,3,0.0,0,0,0,1,0,1,0,0,0,1,0,0,0
0.04098927018018883,118,2,0.0,1,0,0,1,0,0,1,0,0,1,0,0,0
0.4831284260198326,119,1,0.0,1,0,0,1,1,0,0,0,0,1,0,0,0
0.06104473451835265,120,3,0.0,6,1,1,0,0,0,1,0,1,0,0,0,0
0.1434624456306609,121,2,0.0,2,0,0,1,0,0,1,0,0,1,0,0,0
0.015712553569072387,122,3,0.0,0,0,0,1,0,0,1,0,0,1,0,0,0
0.058694292654020104,123,2,0.0,1,0,0,1,1,0,0,0,0,1,0,0,0
0.025374310111545468,124,2,1.0,0,0,1,0,0,0,1,0,1,0,0,0,0
0.15085515328815924,125,1,0.0,1,0,0,1,0,0,1,0,0,1,0,0,0
0.021942337075458514,126,3,1.0,1,1,0,1,1,0,0,1,0,0,0,0,0
0.015126992566498259,127,3,0.0,0,0,0,1,0,1,0,0,0,1,0,0,0
0.01393967004027879,128,3,1.0,0,0,0,1,0,0,1,0,0,1,0,0,0
0.04364049521284361,129,3,1.0,2,0,1,0,1,0,0,0,1,0,0,0,0
0.013614293309848433,130,3,0.0,0,0,0,1,0,0,1,0,0,1,0,0,0
0.015411575213749284,131,3,0.0,0,0,0,1,1,0,0,0,0,1,0,0,0
0.013760683560491965,132,3,0.0,0,0,0,1,0,0,1,0,0,1,0,0,0
0.028302115124416098,133,3,0.0,1,0,1,0,0,0,1,0,0,0,1,0,0
0.050748620223090936,134,2,1.0,1,0,1,0,0,0,1,0,0,0,1,0,0
0.025374310111545468,135,2,0.0,0,0,0,1,0,0,1,0,0,1,0,0,0
0.02936744577509929,136,2,0.0,0,0,0,1,1,0,0,0,0,1,0,0,0
0.051301584996521765,137,1,1.0,2,0,1,0,0,0,1,0,1,0,0,0,0
0.10364429745562033,138,1,0.0,1,0,0,1,0,0,1,0,0,1,0,0,0
0.01798980030808316,139,3,0.0,0,0,0,1,0,0,1,0,0,1,0,0,0
0.15458810467956932,140,1,0.0,0,0,0,1,1,0,0,0,0,1,0,0,0
0.029757819776815374,141,3,0.0,2,0,1,0,1,0,0,0,0,0,1,0,0
0.015126992566498259,142,3,1.0,0,0,1,0,0,0,1,0,1,0,0,0,0
0.030937139635999665,143,3,1.0,1,0,1,0,0,0,1,0,0,0,1,0,0
0.013175122557917838,144,3,0.0,0,0,0,1,0,1,0,0,0,1,0,0,0
0.022446505098674834,145,2,0.0,0,0,0,1,0,0,1,0,0,1,0,0,0
0.07173122281533045,146,2,0.0,2,0,0,1,0,0,1,0,0,1,0,0,0
0.015216388212891242,147,3,1.0,0,0,0,1,0,0,1,0,0,1,0,0,0
0.06709553154495196,148,3,0.0,4,1,1,0,0,0,1,0,1,0,0,0,0
0.050748620223090936,149,2,0.0,2,0,0,1,0,0,1,0,0,1,0,0,0
0.025374310111545468,150,2,0.0,0,0,0,1,0,0,1,0,0,0,0,1,0
0.02444717185746977,151,2,0.0,0,0,0,1,0,0,1,0,0,0,0,1,0
0.12999454257145598,152,1,1.0,1,0,1,0,0,0,1,0,0,0,1,0,0
0.015712553569072387,153,3,0.0,0,0,0,1,0,0,1,0,0,1,0,0,0
0.028302115124416098,154,3,0.0,2,0,0,1,0,0,1,0,0,1,0,0,0
0.014273049437744325,155,3,0.0,0,0,0,1,0,0,1,0,0,1,0,0,0
0.11980421963065935,156,1,0.0,1,0,0,1,1,0,0,0,0,1,0,0,0
0.015094396337354966,157,3,1.0,0,0,1,0,0,1,0,0,1,0,0,0,0
0.015712553569072387,158,3,0.0,0,0,0,1,0,0,1,0,0,1,0,0,0
0.016908073949327893,159,3,0.0,0,0,0,1,0,0,1,0,0,1,0,0,0
0.13575255909676823,160,3,0.0,10,0,0,1,0,0,1,1,0,0,0,0,0
0.031425107138144774,161,3,0.0,1,0,0,1,0,0,1,0,0,1,0,0,0
0.030741952635141623,162,2,1.0,0,0,1,0,0,0,1,0,0,0,1,0,0
0.015175789316712771,163,3,0.0,0,0,0,1,0,0,1,0,0,1,0,0,0
0.016908073949327893,164,3,0.0,0,0,0,1,0,0,1,0,0,1,0,0,0
0.07746484096553544,165,3,0.0,5,1,0,1,0,0,1,1,0,0,0,0,0
0.04006213192611313,166,3,1.0,2,1,0,1,0,0,1,1,0,0,0,0,0
0.10735285047192313,167,1,1.0,1,0,1,0,0,0,1,0,0,0,1,0,0
0.05445717323939373,168,3,0.0,5,0,1,0,0,0,1,0,0,0,1,0,0
0.050602229972447406,169,1,0.0,0,0,0,1,0,0,1,0,0,1,0,0,0
0.11027245763075773,170,3,0.0,0,0,0,1,0,0,1,0,0,1,0,0,0
0.06538764528744409,171,1,0.0,0,0,0,1,0,0,1,0,0,1,0,0,0
0.056848213999904744,172,3,0.0,5,1,0,1,0,1,0,1,0,0,0,0,0
0.021730754366528396,173,3,1.0,2,1,1,0,0,0,1,0,1,0,0,0,0
0.015468569817999833,174,3,0.0,0,0,0,1,0,0,1,0,0,1,0,0,0
0.05991421140938287,175,1,0.0,0,0,0,1,1,0,0,0,0,1,0,0,0
0.015330377421392339,176,3,0.0,2,0,0,1,0,0,1,0,0,1,0,0,0
0.04970768794751499,177,3,0.0,4,0,0,1,0,0,1,1,0,0,0,0,0
0.05604306762136532,178,1,0.0,0,0,1,0,1,0,0,0,1,0,0,0,0
0.025374310111545468,179,2,0.0,0,0,0,1,0,0,1,0,0,1,0,0,0
0.0,180,3,0.0,0,0,0,1,0,0,1,0,0,1,0,0,0
0.13575255909676823,181,3,0.0,10,0,1,0,0,0,1,0,1,0,0,0,0
0.02937564362913533,182,2,0.0,0,0,0,1,1,0,0,0,0,1,0,0,0
0.061264319894317944,183,3,0.0,6,1,0,1,0,0,1,1,0,0,0,0,0
0.0761229303346364,184,2,1.0,3,1,0,1,0,0,1,1,0,0,0,0,0
0.04298993693898376,185,3,1.0,2,1,1,0,0,0,1,0,1,0,0,0,0
0.09759350042902103,186,1,0.0,0,0,0,1,0,0,1,0,0,1,0,0,0
0.030253985132996517,187,3,1.0,1,0,1,0,0,1,0,0,0,0,1,0,0
0.051822148727810165,188,1,1.0,0,0,0,1,0,0,1,0,0,1,0,0,0
0.030253985132996517,189,3,0.0,2,0,0,1,0,1,0,0,0,1,0,0,0
0.015411575213749284,190,3,0.0,0,0,0,1,0,0,1,0,0,1,0,0,0
0.025374310111545468,191,2,1.0,0,0,1,0,0,0,1,0,0,0,1,0,0
0.025374310111545468,192,2,0.0,0,0,0,1,0,0,1,0,0,1,0,0,0
0.015330377421392339,193,3,1.0,1,0,1,0,0,0,1,0,1,0,0,0,0
0.050748620223090936,194,2,1.0,2,1,0,1,0,0,1,1,0,0,0,0,0
0.05410739813385612,195,1,1.0,0,0,1,0,1,0,0,0,0,0,1,0,0
0.2859895551532101,196,1,1.0,0,0,1,0,1,0,0,0,1,0,0,0,0
0.015126992566498259,197,3,0.0,0,0,0,1,0,1,0,0,0,1,0,0,0
0.01640390592611157,198,3,0.0,1,0,0,1,0,0,1,0,0,1,0,0,0
0.015126992566498259,199,3,1.0,0,0,1,0,0,1,0,0,1,0,0,0,0
0.025374310111545468,200,2,0.0,0,0,1,0,0,0,1,0,1,0,0,0,0
0.018542765081513996,201,3,0.0,0,0,0,1,0,0,1,0,0,1,0,0,0
0.13575255909676823,202,3,0.0,10,0,0,1,0,0,1,0,0,1,0,0,0
0.012678957201736696,203,3,0.0,0,0,0,1,0,0,1,0,0,1,0,0,0
0.014102260811993537,204,3,0.0,0,0,0,1,1,0,0,0,0,1,0,0,0
0.015712553569072387,205,3,1.0,0,0,0,1,0,0,1,0,0,1,0,0,0
0.02042143996477265,206,3,0.0,1,1,1,0,0,0,1,0,1,0,0,0,0
0.030937139635999665,207,3,0.0,1,0,0,1,0,0,1,0,0,1,0,0,0
0.036670757786204655,208,3,1.0,0,0,0,1,1,0,0,0,0,1,0,0,0
0.015126992566498259,209,3,1.0,0,0,1,0,0,1,0,0,1,0,0,0,0
0.060507970265993034,210,1,1.0,0,0,0,1,1,0,0,0,0,1,0,0,0
0.013760683560491965,211,3,0.0,0,0,0,1,0,0,1,0,0,1,0,0,0
0.04098927018018883,212,2,1.0,0,0,1,0,0,0,1,0,1,0,0,0,0
0.014151057562208049,213,3,0.0,0,0,0,1,0,0,1,0,0,1,0,0,0
0.025374310111545468,214,2,0.0,0,0,0,1,0,0,1,0,0,1,0,0,0
0.015126992566498259,215,3,0.0,1,0,0,1,0,1,0,0,0,1,0,0,0
0.22109807522194713,216,1,1.0,1,0,1,0,1,0,0,0,1,0,0,0,0
0.015468569817999833,217,3,1.0,0,0,1,0,0,0,1,0,1,0,0,0,0
0.05270049023167135,218,2,0.0,1,0,0,1,0,0,1,0,0,1,0,0,0
0.14891148113361488,219,1,1.0,0,0,1,0,1,0,0,0,1,0,0,0,0
0.020494635090094415,220,2,0.0,0,0,0,1,0,0,1,0,0,1,0,0,0
0.015712553569072387,221,3,1.0,0,0,0,1,0,0,1,0,0,1,0,0,0
0.025374310111545468,222,2,0.0,0,0,0,1,0,0,1,0,0,1,0,0,0
0.015712553569072387,223,3,0.0,0,0,0,1,0,0,1,0,0,1,0,0,0
0.015411575213749284,224,3,0.0,0,0,0,1,0,0,1,0,0,1,0,0,0
0.17566830077223786,225,1,1.0,1,0,0,1,0,0,1,0,0,1,0,0,0
0.01824998458022693,226,3,0.0,0,0,0,1,0,0,1,0,0,1,0,0,0
0.020494635090094415,227,2,1.0,0,0,0,1,0,0,1,0,0,1,0,0,0
0.014151057562208049,228,3,0.0,0,0,0,1,0,0,1,0,0,1,0,0,0
0.025374310111545468,229,2,0.0,0,0,0,1,0,0,1,0,0,1,0,0,0
0.04970768794751499,230,3,0.0,4,1,1,0,0,0,1,0,1,0,0,0,0
0.16293234896625058,231,1,1.0,1,0,1,0,0,0,1,0,0,0,1,0,0
0.015175789316712771,232,3,0.0,0,0,0,1,0,0,1,0,0,1,0,0,0
0.026350245115835676,233,2,0.0,0,0,0,1,0,0,1,0,0,1,0,0,0
0.061264319894317944,234,3,1.0,6,1,1,0,0,0,1,0,1,0,0,0,0
0.020494635090094415,235,2,0.0,0,0,0,1,0,0,1,0,0,1,0,0,0
0.014736618564782174,236,3,0.0,0,0,1,0,0,0,1,0,1,0,0,0,0
0.050748620223090936,237,2,0.0,1,0,0,1,0,0,1,0,0,1,0,0,0
0.05123658772523604,238,2,1.0,2,1,1,0,0,0,1,0,1,0,0,0,0
0.020494635090094415,239,2,0.0,0,0,0,1,0,0,1,0,0,1,0,0,0
0.023959204355324663,240,2,0.0,0,0,0,1,0,0,1,0,0,1,0,0,0
0.028212719478023115,241,3,0.0,1,0,1,0,1,0,0,0,1,0,0,0,0
0.030253985132996517,242,3,1.0,1,0,1,0,0,1,0,0,1,0,0,0,0
0.020494635090094415,243,2,0.0,0,0,0,1,0,0,1,0,0,1,0,0,0
0.013907073811135496,244,3,0.0,0,0,0,1,0,0,1,0,0,1,0,0,0
0.014102260811993537,245,3,0.0,0,0,0,1,1,0,0,0,0,1,0,0,0
0.17566830077223786,246,1,0.0,2,0,0,1,0,1,0,0,0,0,0,1,0
0.015175789316712771,247,3,0.0,0,0,1,0,0,0,1,0,1,0,0,0,0
0.028302115124416098,248,2,1.0,2,0,1,0,0,0,1,0,0,0,1,0,0
0.10257896680493714,249,1,1.0,2,0,0,1,0,0,1,0,0,1,0,0,0
0.050748620223090936,250,2,0.0,1,0,0,1,0,0,1,0,0,0,0,1,0
0.014151057562208049,251,3,0.0,0,0,0,1,0,0,1,0,0,1,0,0,0
0.02042143996477265,252,3,0.0,2,0,1,0,0,0,1,0,0,0,1,0,0
0.051822148727810165,253,1,0.0,0,0,0,1,0,0,1,0,0,1,0,0,0
0.031425107138144774,254,3,0.0,1,0,0,1,0,0,1,0,0,1,0,0,0
0.039452172548431745,255,3,0.0,2,0,1,0,0,0,1,0,0,0,1,0,0
0.029757819776815374,256,3,1.0,2,0,1,0,1,0,0,0,0,0,1,0,0
0.15458810467956932,257,1,1.0,0,0,1,0,1,0,0,0,0,0,1,0,0
0.16883675574220638,258,1,1.0,0,0,1,0,0,0,1,0,1,0,0,0,0
1.0,259,1,1.0,0,0,1,0,1,0,0,0,1,0,0,0,0
0.050748620223090936,260,2,1.0,1,0,1,0,0,0,1,0,0,0,1,0,0
0.015126992566498259,261,3,0.0,0,0,0,1,0,1,0,0,0,1,0,0,0
0.061264319894317944,262,3,1.0,6,1,0,1,0,0,1,1,0,0,0,0,0
0.1554664461834305,263,1,0.0,2,0,0,1,0,0,1,0,0,1,0,0,0
0.0,264,1,0.0,0,0,0,1,0,0,1,0,0,1,0,0,0
0.015126992566498259,265,3,0.0,0,0,1,0,0,1,0,0,1,0,0,0,0
0.020494635090094415,266,2,0.0,0,0,0,1,0,0,1,0,0,1,0,0,0
0.07746484096553544,267,3,0.0,5,0,0,1,0,0,1,0,0,1,0,0,0
0.015175789316712771,268,3,1.0,1,0,0,1,0,0,1,0,0,1,0,0,0
0.2995388511917728,269,1,1.0,1,0,1,0,0,0,1,0,0,0,1,0,0
0.2647385704347907,270,1,1.0,0,0,1,0,0,0,1,0,1,0,0,0,0
0.060507970265993034,271,1,0.0,0,0,0,1,0,0,1,0,0,1,0,0,0
0.0,272,3,1.0,0,0,0,1,0,0,1,0,0,1,0,0,0
0.0380614651673182,273,2,1.0,1,0,1,0,0,0,1,0,0,0,1,0,0
0.057970539254838485,274,1,0.0,1,0,0,1,1,0,0,0,0,1,0,0,0
0.015126992566498259,275,3,1.0,0,0,1,0,0,1,0,0,1,0,0,0,0
0.15216446768991498,276,1,1.0,1,0,1,0,0,0,1,0,1,0,0,0,0
0.015126992566498259,277,3,0.0,0,0,1,0,0,0,1,0,1,0,0,0,0
0.0,278,2,0.0,0,0,0,1,0,0,1,0,0,1,0,0,0
0.056848213999904744,279,3,0.0,5,1,0,1,0,1,0,1,0,0,0,0,0
0.03952536767375352,280,3,1.0,2,0,1,0,0,0,1,0,0,0,1,0,0
0.015126992566498259,281,3,0.0,0,0,0,1,0,1,0,0,0,1,0,0,0
0.015330377421392339,282,3,0.0,0,0,0,1,0,0,1,0,0,1,0,0,0
0.018542765081513996,283,3,0.0,0,0,0,1,0,0,1,0,0,1,0,0,0
0.015712553569072387,284,3,1.0,0,0,0,1,0,0,1,0,0,1,0,0,0
0.050748620223090936,285,1,0.0,0,0,0,1,0,0,1,0,0,1,0,0,0
0.016908073949327893,286,3,0.0,0,0,0,1,1,0,0,0,0,1,0,0,0
0.018542765081513996,287,3,1.0,0,0,0,1,0,0,1,0,0,1,0,0,0
0.015411575213749284,288,3,0.0,0,0,0,1,0,0,1,0,0,1,0,0,0
0.025374310111545468,289,2,1.0,0,0,0,1,0,0,1,0,0,1,0,0,0
0.015126992566498259,290,3,1.0,0,0,1,0,0,1,0,0,1,0,0,0,0
0.15390495017656614,291,1,1.0,0,0,1,0,0,0,1,0,1,0,0,0,0
0.17777475888549785,292,1,1.0,1,0,1,0,1,0,0,0,0,0,1,0,0
0.025130326360472913,293,2,0.0,0,0,0,1,1,0,0,0,0,1,0,0,0
0.01727404957593672,294,3,0.0,0,0,1,0,0,0,1,0,1,0,0,0,0
0.015411575213749284,295,3,0.0,0,0,0,1,0,0,1,0,0,1,0,0,0
0.05410739813385612,296,1,0.0,0,0,0,1,1,0,0,0,0,1,0,0,0
0.014110458666029575,297,3,0.0,0,0,0,1,1,0,0,0,0,1,0,0,0
0.29580589980036276,298,1,0.0,3,1,1,0,0,0,1,0,1,0,0,0,0
0.05953203526170282,299,1,1.0,0,0,0,1,0,0,1,0,0,1,0,0,0
0.4831284260198326,300,1,1.0,1,0,1,0,1,0,0,0,0,0,1,0,0
0.015126992566498259,301,3,1.0,0,0,1,0,0,1,0,0,1,0,0,0,0
0.04538097769949478,302,3,1.0,2,0,0,1,0,1,0,0,0,1,0,0,0
0.0,303,3,0.0,0,0,0,1,0,0,1,0,0,1,0,0,0
0.024105594605968193,304,2,1.0,0,0,1,0,0,1,0,0,1,0,0,0,0
0.015712553569072387,305,3,0.0,0,0,0,1,0,0,1,0,0,1,0,0,0
0.29580589980036276,306,1,1.0,3,1,0,1,0,0,1,1,0,0,0,0,0
0.21642978772242535,307,1,1.0,0,0,1,0,1,0,0,0,1,0,0,0,0
0.2125586439344078,308,1,1.0,1,0,1,0,1,0,0,0,0,0,1,0,0
0.04684488020593009,309,2,0.0,1,0,0,1,1,0,0,0,0,1,0,0,0
0.11111839809247648,310,1,1.0,0,0,1,0,1,0,0,0,1,0,0,0,0
0.16231419173453318,311,1,1.0,0,0,1,0,1,0,0,0,1,0,0,0,0
0.5121218935012878,312,1,1.0,4,0,1,0,1,0,0,0,1,0,0,0,0
0.050748620223090936,313,2,0.0,2,0,1,0,0,0,1,0,0,0,1,0,0
0.015411575213749284,314,3,0.0,0,0,0,1,0,0,1,0,0,1,0,0,0
0.05123658772523604,315,2,0.0,2,0,0,1,0,0,1,0,0,1,0,0,0
0.015330377421392339,316,3,1.0,0,0,1,0,0,0,1,0,1,0,0,0,0
0.050748620223090936,317,2,1.0,1,0,1,0,0,0,1,0,0,0,1,0,0
0.027326180120125887,318,2,0.0,0,0,0,1,0,0,1,0,0,0,0,1,0
0.32179836714362564,319,1,1.0,2,0,1,0,0,0,1,0,1,0,0,0,0
0.2625265161540666,320,1,1.0,2,0,1,0,1,0,0,0,0,0,1,0,0
0.014151057562208049,321,3,0.0,0,0,0,1,0,0,1,0,0,1,0,0,0
0.015411575213749284,322,3,0.0,0,0,0,1,0,0,1,0,0,1,0,0,0
0.024105594605968193,323,2,1.0,0,0,1,0,0,1,0,0,1,0,0,0,0
0.056604230248832196,324,2,1.0,2,0,1,0,0,0,1,0,0,0,1,0,0
0.13575255909676823,325,3,0.0,10,0,0,1,0,0,1,0,0,1,0,0,0
0.2647385704347907,326,1,1.0,0,0,1,0,1,0,0,0,1,0,0,0,0
0.012174789178520372,327,3,0.0,0,0,0,1,0,0,1,0,0,1,0,0,0
0.025374310111545468,328,2,1.0,0,0,1,0,0,0,1,0,0,0,1,0,0
0.04006213192611313,329,3,1.0,2,0,1,0,0,0,1,0,0,0,1,0,0
0.11316786160148591,330,1,1.0,1,0,1,0,1,0,0,0,1,0,0,0,0
0.04538097769949478,331,3,1.0,2,0,1,0,0,1,0,0,1,0,0,0,0
0.055628295244541985,332,1,0.0,0,0,0,1,0,0,1,0,0,1,0,0,0
0.2995388511917728,333,1,0.0,1,0,0,1,0,0,1,0,0,1,0,0,0
0.03513366015444757,334,3,0.0,2,0,0,1,0,0,1,0,0,1,0,0,0
0.2608674266467732,335,1,1.0,1,0,1,0,0,0,1,0,0,0,1,0,0
0.015411575213749284,336,3,0.0,0,0,0,1,0,0,1,0,0,1,0,0,0
0.12999454257145598,337,1,0.0,1,0,0,1,0,0,1,0,0,1,0,0,0
0.2625265161540666,338,1,1.0,0,0,1,0,1,0,0,0,1,0,0,0,0
0.015712553569072387,339,3,1.0,0,0,0,1,0,0,1,0,0,1,0,0,0
0.06929138530460492,340,1,0.0,0,0,0,1,0,0,1,0,0,1,0,0,0
0.050748620223090936,341,2,1.0,2,1,0,1,0,0,1,1,0,0,0,0,0
0.5133418122566505,342,1,1.0,5,0,1,0,0,0,1,0,1,0,0,0,0
0.025374310111545468,343,2,0.0,0,0,0,1,0,0,1,0,0,1,0,0,0
0.025374310111545468,344,2,0.0,0,0,0,1,0,0,1,0,0,1,0,0,0
0.025374310111545468,345,2,0.0,0,0,0,1,0,0,1,0,0,1,0,0,0
0.025374310111545468,346,2,1.0,0,0,1,0,0,0,1,0,1,0,0,0,0
0.025374310111545468,347,2,1.0,0,0,1,0,0,0,1,0,1,0,0,0,0
0.031425107138144774,348,3,1.0,1,0,1,0,0,0,1,0,0,0,1,0,0
0.031034733136428686,349,3,1.0,2,1,0,1,0,0,1,1,0,0,0,0,0
0.016908073949327893,350,3,0.0,0,0,0,1,0,0,1,0,0,1,0,0,0
0.01800600082915438,351,3,0.0,0,0,0,1,0,0,1,0,0,1,0,0,0
0.06831545030031472,352,1,0.0,0,0,0,1,0,0,1,0,0,1,0,0,0
0.014110458666029575,353,3,0.0,2,0,0,1,1,0,0,0,0,1,0,0,0
0.034743286152731485,354,3,0.0,1,0,0,1,0,0,1,0,0,1,0,0,0
0.014102260811993537,355,3,0.0,0,0,0,1,1,0,0,0,0,1,0,0,0
0.018542765081513996,356,3,0.0,0,0,0,1,0,0,1,0,0,1,0,0,0
0.10735285047192313,357,1,1.0,1,0,1,0,0,0,1,0,1,0,0,0,0
0.025374310111545468,358,2,0.0,0,0,1,0,0,0,1,0,1,0,0,0,0
0.01537917417160685,359,3,1.0,0,0,1,0,0,1,0,0,1,0,0,0,0
0.01537917417160685,360,3,1.0,0,0,1,0,0,1,0,0,1,0,0,0,0
0.05445717323939373,361,3,0.0,5,0,0,1,0,0,1,0,0,1,0,0,0
0.05410739813385612,362,2,0.0,1,0,0,1,1,0,0,0,0,1,0,0,0
0.028212719478023115,363,3,0.0,1,0,1,0,1,0,0,0,0,0,1,0,0
0.013760683560491965,364,3,0.0,0,0,0,1,0,0,1,0,0,1,0,0,0
0.030253985132996517,365,3,0.0,1,0,0,1,0,1,0,0,0,1,0,0,0
0.014151057562208049,366,3,0.0,0,0,0,1,0,0,1,0,0,1,0,0,0
0.14687821814567664,367,1,1.0,1,0,1,0,1,0,0,0,0,0,1,0,0
0.014110458666029575,368,3,1.0,0,0,1,0,1,0,0,0,0,0,1,0,0
0.015126992566498259,369,3,1.0,0,0,1,0,0,1,0,0,1,0,0,0,0
0.13526459159462315,370,1,1.0,0,0,1,0,1,0,0,0,0,0,1,0,0
0.1082149914547131,371,1,1.0,1,0,0,1,1,0,0,0,0,1,0,0,0
0.012678957201736696,372,3,0.0,1,0,0,1,0,0,1,0,0,1,0,0,0
0.015712553569072387,373,3,0.0,0,0,0,1,0,0,1,0,0,1,0,0,0
0.2647385704347907,374,1,0.0,0,0,0,1,1,0,0,0,0,1,0,0,0
0.04113566043083236,375,3,0.0,4,1,1,0,0,0,1,0,1,0,0,0,0
0.16038672010106,376,1,1.0,1,0,1,0,1,0,0,0,0,0,1,0,0
0.014151057562208049,377,3,1.0,0,0,1,0,0,0,1,0,1,0,0,0,0
0.41282050681475896,378,1,0.0,2,0,0,1,1,0,0,0,0,1,0,0,0
0.007831878409428937,379,3,0.0,0,0,0,1,1,0,0,0,0,1,0,0,0
0.015175789316712771,380,3,0.0,0,0,0,1,0,0,1,0,0,1,0,0,0
0.4440992237022602,381,1,1.0,0,0,1,0,1,0,0,0,1,0,0,0,0
0.030725752114070404,382,3,1.0,2,1,1,0,1,0,0,0,1,0,0,0,0
0.015468569817999833,383,3,0.0,0,0,0,1,0,0,1,0,0,1,0,0,0
0.10149724044618187,384,1,1.0,1,0,1,0,0,0,1,0,0,0,1,0,0
0.015411575213749284,385,3,0.0,0,0,0,1,0,0,1,0,0,1,0,0,0
0.1434624456306609,386,2,0.0,0,0,0,1,0,0,1,0,0,1,0,0,0
0.09154270340242172,387,3,0.0,7,1,0,1,0,0,1,1,0,0,0,0,0
0.025374310111545468,388,2,1.0,0,0,1,0,0,0,1,0,1,0,0,0,0
0.015086393670319786,389,3,0.0,0,0,0,1,0,1,0,0,0,1,0,0,0
0.023422440102965045,390,2,1.0,0,0,1,0,1,0,0,0,1,0,0,0,0
0.23422440102965045,391,1,1.0,3,0,0,1,0,0,1,0,0,1,0,0,0
0.015216388212891242,392,3,1.0,0,0,0,1,0,0,1,0,0,1,0,0,0
0.015468569817999833,393,3,0.0,2,0,0,1,0,0,1,0,0,1,0,0,0
0.22109807522194713,394,1,1.0,1,0,1,0,1,0,0,0,1,0,0,0,0
0.03259622914329302,395,3,1.0,2,0,1,0,0,0,1,0,0,0,1,0,0
0.015216388212891242,396,3,0.0,0,0,0,1,0,0,1,0,0,1,0,0,0
0.015330377421392339,397,3,0.0,0,0,1,0,0,0,1,0,1,0,0,0,0
0.050748620223090936,398,2,0.0,0,0,0,1,0,0,1,0,0,1,0,0,0
0.020494635090094415,399,2,0.0,0,0,0,1,0,0,1,0,0,0,0,1,0
0.02469115560854232,400,2,1.0,0,0,1,0,0,0,1,0,0,0,1,0,0
0.015468569817999833,401,3,1.0,0,0,0,1,0,0,1,0,0,1,0,0,0
0.015712553569072387,402,3,0.0,0,0,0,1,0,0,1,0,0,1,0,0,0
0.019177122834302632,403,3,0.0,1,0,1,0,0,0,1,0,1,0,0,0,0
0.030937139635999665,404,3,0.0,1,0,0,1,0,0,1,0,0,1,0,0,0
0.016908073949327893,405,3,0.0,0,0,1,0,0,0,1,0,1,0,0,0,0
0.04098927018018883,406,2,0.0,1,0,0,1,0,0,1,0,0,1,0,0,0
0.015126992566498259,407,3,0.0,0,0,0,1,0,0,1,0,0,1,0,0,0
0.03659756266088288,408,2,1.0,2,1,0,1,0,0,1,1,0,0,0,0,0
0.015175789316712771,409,3,0.0,0,0,0,1,0,0,1,0,0,1,0,0,0
0.04970768794751499,410,3,0.0,4,1,1,0,0,0,1,0,1,0,0,0,0
0.015411575213749284,411,3,0.0,0,0,0,1,0,0,1,0,0,1,0,0,0
0.013386510079847098,412,3,0.0,0,0,0,1,0,1,0,0,0,1,0,0,0
0.17566830077223786,413,1,1.0,1,0,1,0,0,1,0,0,1,0,0,0,0
0.0,414,2,0.0,0,0,0,1,0,0,1,0,0,1,0,0,0
0.015468569817999833,415,3,1.0,0,0,0,1,0,0,1,0,0,1,0,0,0
0.015712553569072387,416,3,0.0,0,0,1,0,0,0,1,0,0,0,1,0,0
0.06343577527886367,417,2,1.0,2,0,1,0,0,0,1,0,0,0,1,0,0
0.025374310111545468,418,2,1.0,2,0,1,0,0,0,1,0,1,0,0,0,0
0.025374310111545468,419,2,0.0,0,0,0,1,0,0,1,0,0,1,0,0,0
0.04713766070721715,420,3,0.0,2,1,1,0,0,0,1,0,1,0,0,0,0
0.015411575213749284,421,3,0.0,0,0,0,1,1,0,0,0,0,1,0,0,0
0.015094396337354966,422,3,0.0,0,0,0,1,0,1,0,0,0,1,0,0,0
0.015370976317570811,423,3,0.0,0,0,0,1,0,0,1,0,0,1,0,0,0
0.028106928123558056,424,3,0.0,2,0,1,0,0,0,1,0,0,0,1,0,0
0.039452172548431745,425,3,0.0,2,0,0,1,0,0,1,0,0,1,0,0,0
0.014151057562208049,426,3,0.0,0,0,0,1,0,0,1,0,0,1,0,0,0
0.050748620223090936,427,2,1.0,1,0,1,0,0,0,1,0,0,0,1,0,0
0.050748620223090936,428,2,1.0,0,0,1,0,0,0,1,0,1,0,0,0,0
0.015126992566498259,429,3,0.0,0,0,0,1,0,1,0,0,0,1,0,0,0
0.015712553569072387,430,3,1.0,0,0,0,1,0,0,1,0,0,1,0,0,0
0.051822148727810165,431,1,1.0,0,0,0,1,0,0,1,0,0,1,0,0,0
0.031425107138144774,432,3,1.0,1,0,1,0,0,0,1,0,0,0,1,0,0
0.050748620223090936,433,2,1.0,1,0,1,0,0,0,1,0,0,0,1,0,0
0.013907073811135496,434,3,0.0,0,0,0,1,0,0,1,0,0,1,0,0,0
0.1091095334796455,435,1,0.0,1,0,0,1,0,0,1,0,0,1,0,0,0
0.23422440102965045,436,1,1.0,3,0,1,0,0,0,1,0,1,0,0,0,0
0.06709553154495196,437,3,0.0,4,0,1,0,0,0,1,0,1,0,0,0,0
0.03659756266088288,438,2,1.0,5,0,1,0,0,0,1,0,0,0,1,0,0
0.5133418122566505,439,1,0.0,5,0,0,1,0,0,1,0,0,1,0,0,0
0.020494635090094415,440,2,0.0,0,0,0,1,0,0,1,0,0,1,0,0,0
0.05123658772523604,441,2,1.0,2,0,1,0,0,0,1,0,0,0,1,0,0
0.018542765081513996,442,3,0.0,0,0,0,1,0,0,1,0,0,1,0,0,0
0.015175789316712771,443,3,0.0,1,0,0,1,0,0,1,0,0,1,0,0,0
0.025374310111545468,444,2,1.0,0,0,1,0,0,0,1,0,1,0,0,0,0
0.015834545444608664,445,3,1.0,0,0,0,1,0,0,1,0,0,1,0,0,0
0.15977676072337862,446,1,1.0,2,1,0,1,0,0,1,1,0,0,0,0,0
0.0380614651673182,447,2,1.0,1,0,1,0,0,0,1,0,1,0,0,0,0
0.051822148727810165,448,1,1.0,0,0,0,1,0,0,1,0,0,1,0,0,0
0.03758969818624431,449,3,1.0,3,1,1,0,1,0,0,0,1,0,0,0,0
0.05953203526170282,450,1,1.0,0,0,0,1,0,0,1,0,0,0,0,1,0
0.05416439273810667,451,2,0.0,3,0,0,1,0,0,1,0,0,1,0,0,0
0.03897240290032268,452,3,0.0,1,0,0,1,0,0,1,0,0,1,0,0,0
0.05416439273810667,453,1,0.0,0,0,0,1,1,0,0,0,0,1,0,0,0
0.17391981561855152,454,1,1.0,1,0,0,1,1,0,0,0,0,1,0,0,0
0.015712553569072387,455,3,0.0,0,0,0,1,0,0,1,0,0,1,0,0,0
0.015411575213749284,456,3,1.0,0,0,0,1,1,0,0,0,0,1,0,0,0
0.051822148727810165,457,1,0.0,0,0,0,1,0,0,1,0,0,1,0,0,0
0.10122885832000206,458,1,1.0,1,0,1,0,0,0,1,0,0,0,1,0,0
0.020494635090094415,459,2,1.0,0,0,1,0,0,0,1,0,1,0,0,0,0
0.015126992566498259,460,3,0.0,0,0,0,1,0,1,0,0,0,1,0,0,0
0.051822148727810165,461,1,1.0,0,0,0,1,0,0,1,0,0,1,0,0,0
0.015712553569072387,462,3,0.0,0,0,0,1,0,0,1,0,0,1,0,0,0
0.07514699533034619,463,1,0.0,0,0,0,1,0,0,1,0,0,1,0,0,0
0.025374310111545468,464,2,0.0,0,0,0,1,0,0,1,0,0,1,0,0,0
0.015712553569072387,465,3,0.0,0,0,0,1,0,0,1,0,0,1,0,0,0
0.013760683560491965,466,3,0.0,0,0,0,1,0,0,1,0,0,1,0,0,0
0.0,467,2,0.0,0,0,0,1,0,0,1,0,0,1,0,0,0
0.051822148727810165,468,1,0.0,0,0,0,1,0,0,1,0,0,1,0,0,0
0.015078195816283748,469,3,0.0,0,0,0,1,0,1,0,0,0,1,0,0,0
0.03758969818624431,470,3,1.0,3,1,1,0,1,0,0,0,1,0,0,0,0
0.014151057562208049,471,3,0.0,0,0,0,1,0,0,1,0,0,1,0,0,0
0.016908073949327893,472,3,0.0,0,0,0,1,0,0,1,0,0,1,0,0,0
0.05416439273810667,473,2,1.0,3,0,1,0,0,0,1,0,0,0,1,0,0
0.026919605597338588,474,2,1.0,0,0,1,0,1,0,0,0,0,0,1,0,0
0.019201521209409888,475,3,0.0,0,0,1,0,0,0,1,0,1,0,0,0,0
0.10149724044618187,476,1,0.0,0,0,0,1,0,0,1,0,0,1,0,0,0
0.04098927018018883,477,2,0.0,1,0,0,1,0,0,1,0,0,1,0,0,0
0.013752485706455927,478,3,0.0,1,0,0,1,0,0,1,0,0,1,0,0,0
0.014679623960531627,479,3,0.0,0,0,0,1,0,0,1,0,0,1,0,0,0
0.023983602730431916,480,3,1.0,1,1,1,0,0,0,1,0,1,0,0,0,0
0.09154270340242172,481,3,0.0,7,1,0,1,0,0,1,1,0,0,0,0,0
0.0,482,2,0.0,0,0,0,1,0,0,1,0,0,1,0,0,0
0.015712553569072387,483,3,0.0,0,0,0,1,0,0,1,0,0,1,0,0,0
0.018713553707264782,484,3,1.0,0,0,1,0,0,0,1,0,0,0,1,0,0
0.17777475888549785,485,1,1.0,1,0,0,1,1,0,0,0,0,1,0,0,0
0.04970768794751499,486,3,0.0,4,1,1,0,0,0,1,0,1,0,0,0,0
0.17566830077223786,487,1,1.0,1,0,1,0,0,0,1,0,0,0,1,0,0
0.057970539254838485,488,1,0.0,0,0,0,1,1,0,0,0,0,1,0,0,0
0.015712553569072387,489,3,0.0,0,0,0,1,0,0,1,0,0,1,0,0,0
0.031034733136428686,490,3,1.0,2,1,0,1,0,0,1,1,0,0,0,0,0
0.03897240290032268,491,3,0.0,1,0,0,1,0,0,1,0,0,1,0,0,0
0.014151057562208049,492,3,0.0,0,0,0,1,0,0,1,0,0,1,0,0,0
0.05953203526170282,493,1,0.0,0,0,0,1,0,0,1,0,0,1,0,0,0
0.09662576327876685,494,1,0.0,0,0,0,1,1,0,0,0,0,1,0,0,0
0.015712553569072387,495,3,0.0,0,0,0,1,0,0,1,0,0,1,0,0,0
0.028220722145058292,496,3,0.0,0,0,0,1,1,0,0,0,0,1,0,0,0
0.1527664244005612,497,1,1.0,1,0,1,0,1,0,0,0,1,0,0,0,0
0.029473237129564348,498,3,0.0,0,0,0,1,0,0,1,0,0,1,0,0,0
0.29580589980036276,499,1,0.0,3,0,1,0,0,0,1,0,0,0,1,0,0
0.015216388212891242,500,3,0.0,0,0,0,1,0,0,1,0,0,1,0,0,0
0.016908073949327893,501,3,0.0,0,0,0,1,0,0,1,0,0,1,0,0,0
0.015126992566498259,502,3,0.0,0,0,1,0,0,1,0,0,1,0,0,0,0
0.014891206669461744,503,3,0.0,0,0,1,0,0,1,0,0,1,0,0,0,0
0.018713553707264782,504,3,0.0,0,0,1,0,0,0,1,0,1,0,0,0,0
0.16883675574220638,505,1,1.0,0,0,1,0,0,0,1,0,1,0,0,0,0
0.2125586439344078,506,1,0.0,1,0,0,1,1,0,0,0,0,1,0,0,0
0.050748620223090936,507,2,1.0,2,0,1,0,0,0,1,0,0,0,1,0,0
0.051822148727810165,508,1,1.0,0,0,0,1,0,0,1,0,0,1,0,0,0
0.04396587194327397,509,3,0.0,0,0,0,1,0,0,1,0,0,1,0,0,0
0.11027245763075773,510,3,1.0,0,0,0,1,0,0,1,0,0,1,0,0,0
0.015126992566498259,511,3,1.0,0,0,0,1,0,1,0,0,0,1,0,0,0
0.015712553569072387,512,3,0.0,0,0,0,1,0,0,1,0,0,1,0,0,0
0.05130978285055781,513,1,1.0,0,0,0,1,0,0,1,0,0,1,0,0,0
0.11594107850967697,514,1,1.0,1,0,1,0,1,0,0,0,0,0,1,0,0
0.014630827210317115,515,3,0.0,0,0,0,1,0,0,1,0,0,1,0,0,0
0.06640417918791278,516,1,0.0,0,0,0,1,0,0,1,0,0,1,0,0,0
0.020494635090094415,517,2,1.0,0,0,1,0,0,0,1,0,0,0,1,0,0
0.04713766070721715,518,3,0.0,0,0,0,1,0,1,0,0,0,1,0,0,0
0.050748620223090936,519,2,1.0,1,0,1,0,0,0,1,0,0,0,1,0,0
0.015411575213749284,520,3,0.0,0,0,0,1,0,0,1,0,0,1,0,0,0
0.18249984580226933,521,1,1.0,0,0,1,0,0,0,1,0,1,0,0,0,0
0.015411575213749284,522,3,0.0,0,0,0,1,0,0,1,0,0,1,0,0,0
0.014102260811993537,523,3,0.0,0,0,0,1,1,0,0,0,0,1,0,0,0
0.11316786160148591,524,1,1.0,1,0,1,0,1,0,0,0,0,0,1,0,0
0.014110458666029575,525,3,0.0,0,0,0,1,1,0,0,0,0,1,0,0,0
0.015126992566498259,526,3,0.0,0,0,0,1,0,1,0,0,0,1,0,0,0
0.020494635090094415,527,2,1.0,0,0,1,0,0,0,1,0,1,0,0,0,0
0.4328841690069588,528,1,0.0,0,0,0,1,0,0,1,0,0,1,0,0,0
0.015468569817999833,529,3,0.0,0,0,0,1,0,0,1,0,0,1,0,0,0
0.022446505098674834,530,2,0.0,3,0,0,1,0,0,1,0,0,1,0,0,0
0.050748620223090936,531,2,1.0,2,1,1,0,0,0,1,0,1,0,0,0,0
0.014110458666029575,532,3,0.0,0,0,0,1,1,0,0,0,0,1,0,0,0
0.014110458666029575,533,3,0.0,2,0,0,1,1,0,0,0,0,1,0,0,0
0.04364049521284361,534,3,1.0,2,0,1,0,1,0,0,0,0,0,1,0,0
0.016908073949327893,535,3,0.0,0,0,1,0,0,0,1,0,1,0,0,0,0
0.05123658772523604,536,2,1.0,2,1,1,0,0,0,1,0,1,0,0,0,0
0.051822148727810165,537,1,0.0,0,0,0,1,0,0,1,0,0,0,0,1,0
0.20772776566317125,538,1,1.0,0,0,1,0,1,0,0,0,1,0,0,0,0
0.028302115124416098,539,3,0.0,0,0,0,1,0,0,1,0,0,1,0,0,0
0.09661756542473081,540,1,1.0,2,0,1,0,1,0,0,0,1,0,0,0,0
0.13858277060920984,541,1,1.0,2,0,1,0,0,0,1,0,1,0,0,0,0
0.06104473451835265,542,3,0.0,6,1,1,0,0,0,1,0,1,0,0,0,0
0.06104473451835265,543,3,0.0,6,1,1,0,0,0,1,0,1,0,0,0,0
0.050748620223090936,544,2,1.0,1,0,0,1,0,0,1,0,0,1,0,0,0
0.20772776566317125,545,1,0.0,1,0,0,1,1,0,0,0,0,1,0,0,0
0.050748620223090936,546,1,0.0,0,0,0,1,0,0,1,0,0,1,0,0,0
0.050748620223090936,547,2,1.0,1,0,1,0,0,0,1,0,0,0,1,0,0
0.02705779799394608,548,2,1.0,0,0,0,1,1,0,0,0,0,1,0,0,0
0.04006213192611313,549,3,0.0,2,0,0,1,0,0,1,0,0,1,0,0,0
0.07173122281533045,550,2,1.0,2,1,0,1,0,0,1,1,0,0,0,0,0
0.21642978772242535,551,1,1.0,2,0,0,1,1,0,0,0,0,1,0,0,0
0.050748620223090936,552,2,0.0,0,0,0,1,0,0,1,0,0,1,0,0,0
0.015281580671177828,553,3,0.0,0,0,0,1,0,1,0,0,0,1,0,0,0
0.014102260811993537,554,3,1.0,0,0,0,1,1,0,0,0,0,1,0,0,0
0.015175789316712771,555,3,1.0,0,0,1,0,0,0,1,0,1,0,0,0,0
0.051822148727810165,556,1,0.0,0,0,0,1,0,0,1,0,0,1,0,0,0
0.07729405233978466,557,1,1.0,1,0,1,0,1,0,0,0,0,0,0,0,1
0.4440992237022602,558,1,0.0,0,0,0,1,1,0,0,0,0,1,0,0,0
0.1554664461834305,559,1,1.0,2,0,1,0,0,0,1,0,0,0,1,0,0
0.033962538149299316,560,3,1.0,1,0,1,0,0,0,1,0,0,0,1,0,0
0.015126992566498259,561,3,0.0,0,0,0,1,0,1,0,0,0,1,0,0,0
0.015411575213749284,562,3,0.0,0,0,0,1,0,0,1,0,0,1,0,0,0
0.026350245115835676,563,2,0.0,0,0,0,1,0,0,1,0,0,1,0,0,0
0.015712553569072387,564,3,0.0,0,0,0,1,0,0,1,0,0,1,0,0,0
0.015712553569072387,565,3,0.0,0,0,1,0,0,0,1,0,1,0,0,0,0
0.04713766070721715,566,3,0.0,2,0,0,1,0,0,1,0,0,1,0,0,0
0.015411575213749284,567,3,0.0,0,0,0,1,0,0,1,0,0,1,0,0,0
0.04113566043083236,568,3,0.0,4,0,1,0,0,0,1,0,0,0,1,0,0
0.014110458666029575,569,3,0.0,0,0,0,1,1,0,0,0,0,1,0,0,0
0.015330377421392339,570,3,1.0,0,0,0,1,0,0,1,0,0,1,0,0,0
0.020494635090094415,571,2,1.0,0,0,0,1,0,0,1,0,0,1,0,0,0
0.10048070654571319,572,1,1.0,2,0,1,0,0,0,1,0,0,0,1,0,0
0.051504969851415845,573,1,1.0,0,0,0,1,0,0,1,0,0,1,0,0,0
0.015126992566498259,574,3,1.0,0,0,1,0,0,1,0,0,1,0,0,0,0
0.015712553569072387,575,3,0.0,0,0,0,1,0,0,1,0,0,1,0,0,0
0.028302115124416098,576,3,0.0,0,0,0,1,0,0,1,0,0,1,0,0,0
0.025374310111545468,577,2,1.0,0,0,1,0,0,0,1,0,1,0,0,0,0
0.1091095334796455,578,1,1.0,1,0,1,0,0,0,1,0,0,0,1,0,0
0.028220722145058292,579,3,0.0,1,0,1,0,1,0,0,0,0,0,1,0,0
0.015468569817999833,580,3,1.0,0,0,0,1,0,0,1,0,0,1,0,0,0
0.05855610025741261,581,2,1.0,2,0,1,0,0,0,1,0,1,0,0,0,0
0.21642978772242535,582,1,1.0,2,0,1,0,1,0,0,0,0,0,1,0,0
0.050748620223090936,583,2,0.0,0,0,0,1,0,0,1,0,0,1,0,0,0
0.07831878409428937,584,1,0.0,0,0,0,1,1,0,0,0,0,1,0,0,0
0.017005667449756914,585,3,0.0,0,0,0,1,1,0,0,0,0,1,0,0,0
0.1554664461834305,586,1,1.0,2,0,1,0,0,0,1,0,1,0,0,0,0
0.029278050128706306,587,2,0.0,0,0,0,1,0,0,1,0,0,1,0,0,0
0.15458810467956932,588,1,1.0,2,0,0,1,1,0,0,0,0,1,0,0,0
0.015712553569072387,589,3,0.0,0,0,0,1,0,0,1,0,0,1,0,0,0
0.015712553569072387,590,3,0.0,0,0,0,1,0,0,1,0,0,1,0,0,0
0.013907073811135496,591,3,0.0,0,0,0,1,0,0,1,0,0,1,0,0,0
0.1527664244005612,592,1,1.0,1,0,1,0,1,0,0,0,0,0,1,0,0
0.014151057562208049,593,3,0.0,0,0,0,1,0,0,1,0,0,1,0,0,0
0.015126992566498259,594,3,0.0,2,0,1,0,0,1,0,0,1,0,0,0,0
0.050748620223090936,595,2,0.0,1,0,0,1,0,0,1,0,0,1,0,0,0
0.04713766070721715,596,3,0.0,2,0,0,1,0,0,1,0,0,1,0,0,0
0.06441171028315387,597,2,1.0,0,0,1,0,0,0,1,0,1,0,0,0,0
0.0,598,3,0.0,0,0,0,1,0,0,1,0,0,1,0,0,0
0.014102260811993537,599,3,0.0,0,0,0,1,1,0,0,0,0,1,0,0,0
0.11111839809247648,600,1,1.0,1,0,0,1,1,0,0,0,0,0,0,0,1
0.05270049023167135,601,2,1.0,3,0,1,0,0,0,1,0,0,0,1,0,0
0.015411575213749284,602,3,0.0,0,0,0,1,0,0,1,0,0,1,0,0,0
0.08275928836380983,603,1,0.0,0,0,0,1,0,0,1,0,0,1,0,0,0
0.015712553569072387,604,3,0.0,0,0,0,1,0,0,1,0,0,1,0,0,0
0.051822148727810165,605,1,1.0,0,0,0,1,1,0,0,0,0,1,0,0,0
0.030351578633425542,606,3,0.0,1,0,0,1,0,0,1,0,0,1,0,0,0
0.015411575213749284,607,3,0.0,0,0,0,1,0,0,1,0,0,1,0,0,0
0.05953203526170282,608,1,1.0,0,0,0,1,0,0,1,0,0,1,0,0,0
0.08115719346076702,609,2,1.0,3,0,1,0,1,0,0,0,0,0,1,0,0
0.2995388511917728,610,1,1.0,0,0,1,0,0,0,1,0,1,0,0,0,0
0.06104473451835265,611,3,0.0,6,0,1,0,0,0,1,0,0,0,1,0,0
0.013760683560491965,612,3,0.0,0,0,0,1,0,0,1,0,0,1,0,0,0
0.030253985132996517,613,3,1.0,1,0,1,0,0,1,0,0,1,0,0,0,0
0.015126992566498259,614,3,0.0,0,0,0,1,0,1,0,0,0,1,0,0,0
0.015712553569072387,615,3,0.0,0,0,0,1,0,0,1,0,0,1,0,0,0
0.12687155055772734,616,2,1.0,3,0,1,0,0,0,1,0,1,0,0,0,0
0.028106928123558056,617,3,0.0,2,0,0,1,0,0,1,0,0,1,0,0,0
0.031425107138144774,618,3,0.0,1,0,1,0,0,0,1,0,0,0,1,0,0
0.0761229303346364,619,2,1.0,3,1,1,0,0,0,1,0,1,0,0,0,0
0.020494635090094415,620,2,0.0,0,0,0,1,0,0,1,0,0,1,0,0,0
0.028212719478023115,621,3,0.0,1,0,0,1,1,0,0,0,0,1,0,0,0
0.10257896680493714,622,1,1.0,1,0,0,1,0,0,1,0,0,1,0,0,0
0.030725752114070404,623,3,1.0,2,0,0,1,1,0,0,0,0,1,0,0,0
0.015330377421392339,624,3,0.0,0,0,0,1,0,0,1,0,0,1,0,0,0
0.031425107138144774,625,3,0.0,0,0,0,1,0,0,1,0,0,1,0,0,0
0.06308600017332605,626,1,0.0,0,0,0,1,0,0,1,0,0,1,0,0,0
0.024105594605968193,627,2,0.0,0,0,0,1,0,1,0,0,0,0,0,1,0
0.15216446768991498,628,1,1.0,0,0,1,0,0,0,1,0,1,0,0,0,0
0.015411575213749284,629,3,0.0,0,0,0,1,0,0,1,0,0,1,0,0,0
0.015094396337354966,630,3,0.0,0,0,0,1,0,1,0,0,0,1,0,0,0
0.05855610025741261,631,1,1.0,0,0,0,1,0,0,1,0,0,1,0,0,0
0.013768881414528002,632,3,0.0,0,0,0,1,0,0,1,0,0,1,0,0,0
0.05953203526170282,633,1,1.0,0,0,0,1,1,0,0,0,0,0,0,1,0
0.0,634,1,0.0,0,0,0,1,0,0,1,0,0,1,0,0,0
0.05445717323939373,635,3,0.0,5,1,1,0,0,0,1,0,1,0,0,0,0
0.025374310111545468,636,2,1.0,0,0,1,0,0,0,1,0,1,0,0,0,0
0.015468569817999833,637,3,0.0,0,0,0,1,0,0,1,0,0,1,0,0,0
0.05123658772523604,638,2,0.0,2,0,0,1,0,0,1,0,0,1,0,0,0
0.07746484096553544,639,3,0.0,5,0,1,0,0,0,1,0,0,0,1,0,0
0.031425107138144774,640,3,0.0,1,0,0,1,0,0,1,0,0,1,0,0,0
0.015330377421392339,641,3,0.0,0,0,0,1,0,0,1,0,0,1,0,0,0
0.13526459159462315,642,1,1.0,0,0,1,0,1,0,0,0,1,0,0,0,0
0.05445717323939373,643,3,0.0,5,1,1,0,0,0,1,0,1,0,0,0,0
0.11027245763075773,644,3,1.0,0,0,0,1,0,0,1,0,0,1,0,0,0
0.03758969818624431,645,3,1.0,3,1,1,0,1,0,0,0,1,0,0,0,0
0.1497654242623688,646,1,1.0,1,0,0,1,1,0,0,0,0,1,0,0,0
0.015411575213749284,647,3,0.0,0,0,0,1,0,0,1,0,0,1,0,0,0
0.06929138530460492,648,1,1.0,0,0,0,1,1,0,0,0,0,0,0,1,0
0.014736618564782174,649,3,0.0,0,0,0,1,0,0,1,0,0,1,0,0,0
0.014736618564782174,650,3,1.0,0,0,1,0,0,0,1,0,1,0,0,0,0
0.015411575213749284,651,3,0.0,0,0,0,1,0,0,1,0,0,1,0,0,0
0.04489301019734967,652,2,1.0,1,0,1,0,0,0,1,0,1,0,0,0,0
0.01646070534336126,653,3,0.0,0,0,0,1,0,0,1,0,0,1,0,0,0
0.015281580671177828,654,3,1.0,0,0,1,0,0,1,0,0,1,0,0,0,0
0.013175122557917838,655,3,0.0,0,0,1,0,0,1,0,0,1,0,0,0,0
0.1434624456306609,656,2,0.0,2,0,0,1,0,0,1,0,0,1,0,0,0
0.015411575213749284,657,3,0.0,0,0,0,1,0,0,1,0,0,1,0,0,0
0.030253985132996517,658,3,0.0,2,0,1,0,0,1,0,0,0,0,1,0,0
0.025374310111545468,659,2,0.0,0,0,0,1,0,0,1,0,0,1,0,0,0
0.22109807522194713,660,1,0.0,2,0,0,1,1,0,0,0,0,1,0,0,0
0.2608674266467732,661,1,1.0,2,0,0,1,0,0,1,0,0,0,0,1,0
0.014102260811993537,662,3,0.0,0,0,0,1,1,0,0,0,0,1,0,0,0
0.04994347384455151,663,1,0.0,0,0,0,1,0,0,1,0,0,1,0,0,0
0.014630827210317115,664,3,0.0,0,0,0,1,0,0,1,0,0,1,0,0,0
0.015468569817999833,665,3,1.0,1,0,0,1,0,0,1,0,0,1,0,0,0
0.1434624456306609,666,2,0.0,2,0,0,1,0,0,1,0,0,1,0,0,0
0.025374310111545468,667,2,0.0,0,0,0,1,0,0,1,0,0,1,0,0,0
0.015175789316712771,668,3,0.0,0,0,0,1,0,0,1,0,0,1,0,0,0
0.015712553569072387,669,3,0.0,0,0,0,1,0,0,1,0,0,1,0,0,0
0.10149724044618187,670,1,1.0,1,0,1,0,0,0,1,0,0,0,1,0,0
0.0761229303346364,671,2,1.0,2,0,1,0,0,0,1,0,0,0,1,0,0
0.10149724044618187,672,1,0.0,1,0,0,1,0,0,1,0,0,1,0,0,0
0.020494635090094415,673,2,0.0,0,0,0,1,0,0,1,0,0,1,0,0,0
0.025374310111545468,674,2,1.0,0,0,0,1,0,0,1,0,0,1,0,0,0
0.0,675,2,0.0,0,0,0,1,0,0,1,0,0,1,0,0,0
0.015175789316712771,676,3,0.0,0,0,0,1,0,0,1,0,0,1,0,0,0
0.015712553569072387,677,3,0.0,0,0,0,1,0,0,1,0,0,1,0,0,0
0.019209719063445922,678,3,1.0,0,0,1,0,0,0,1,0,1,0,0,0,0
0.09154270340242172,679,3,0.0,7,0,1,0,0,0,1,0,0,0,1,0,0
1.0,680,1,1.0,1,0,0,1,1,0,0,0,0,1,0,0,0
0.01588334219482317,681,3,0.0,0,0,1,0,0,1,0,0,1,0,0,0,0
0.1497654242623688,682,1,1.0,0,0,0,1,1,0,0,0,0,1,0,0,0
0.01800600082915438,683,3,0.0,0,0,0,1,0,0,1,0,0,1,0,0,0
0.09154270340242172,684,3,0.0,7,0,0,1,0,0,1,0,0,1,0,0,0
0.0761229303346364,685,2,0.0,2,0,0,1,0,0,1,0,0,1,0,0,0
0.08115719346076702,686,2,0.0,3,0,0,1,1,0,0,0,0,1,0,0,0
0.07746484096553544,687,3,0.0,5,0,0,1,0,0,1,0,0,1,0,0,0
0.019852079483269742,688,3,0.0,0,0,0,1,0,0,1,0,0,1,0,0,0
0.015216388212891242,689,3,0.0,0,0,0,1,0,0,1,0,0,1,0,0,0
0.41250332793836464,690,1,1.0,1,0,1,0,0,0,1,0,1,0,0,0,0
0.11125659048908397,691,1,1.0,1,0,0,1,0,0,1,0,0,1,0,0,0
0.026187654344120927,692,3,1.0,1,1,1,0,1,0,0,0,1,0,0,0,0
0.11027245763075773,693,3,1.0,0,0,0,1,0,0,1,0,0,1,0,0,0
0.014102260811993537,694,3,0.0,0,0,0,1,1,0,0,0,0,1,0,0,0
0.051822148727810165,695,1,0.0,0,0,0,1,0,0,1,0,0,0,0,1,0
0.026350245115835676,696,2,0.0,0,0,0,1,0,0,1,0,0,1,0,0,0
0.015712553569072387,697,3,0.0,0,0,0,1,0,0,1,0,0,1,0,0,0
0.015094396337354966,698,3,1.0,0,0,1,0,0,1,0,0,1,0,0,0,0
0.21642978772242535,699,1,0.0,2,0,0,1,1,0,0,0,0,1,0,0,0
0.014931805565640218,700,3,0.0,0,0,0,1,0,0,1,0,0,1,0,0,0
0.4440992237022602,701,1,1.0,1,0,1,0,1,0,0,0,0,0,1,0,0
0.05130978285055781,702,1,1.0,0,0,0,1,0,0,1,0,0,1,0,0,0
0.028212719478023115,703,3,0.0,1,0,1,0,1,0,0,0,1,0,0,0,0
0.01511079204542704,704,3,0.0,0,0,0,1,0,1,0,0,0,1,0,0,0
0.015330377421392339,705,3,0.0,1,0,0,1,0,0,1,0,0,1,0,0,0
0.050748620223090936,706,2,0.0,0,0,0,1,0,0,1,0,0,1,0,0,0
0.026350245115835676,707,2,1.0,0,0,1,0,0,0,1,0,0,0,1,0,0
0.05130978285055781,708,1,1.0,0,0,0,1,0,0,1,0,0,1,0,0,0
0.29580589980036276,709,1,1.0,0,0,1,0,0,0,1,0,1,0,0,0,0
0.029757819776815374,710,3,1.0,2,0,0,1,1,0,0,1,0,0,0,0,0
0.09662576327876685,711,1,1.0,0,0,1,0,1,0,0,0,1,0,0,0,0
0.051822148727810165,712,1,0.0,0,0,0,1,0,0,1,0,0,1,0,0,0
0.10149724044618187,713,1,1.0,1,0,0,1,0,0,1,0,0,1,0,0,0
0.018510168852370702,714,3,0.0,0,0,0,1,0,0,1,0,0,1,0,0,0
0.025374310111545468,715,2,0.0,0,0,0,1,0,0,1,0,0,1,0,0,0
0.014931805565640218,716,3,0.0,0,0,0,1,0,0,1,0,0,1,0,0,0
0.4440992237022602,717,1,1.0,0,0,1,0,1,0,0,0,1,0,0,0,0
0.020494635090094415,718,2,1.0,0,0,1,0,0,0,1,0,1,0,0,0,0
0.030253985132996517,719,3,0.0,0,0,0,1,0,1,0,0,0,1,0,0,0
0.015175789316712771,720,3,0.0,0,0,0,1,0,0,1,0,0,1,0,0,0
0.06441171028315387,721,2,1.0,1,1,1,0,0,0,1,0,1,0,0,0,0
0.013768881414528002,722,3,0.0,1,0,0,1,0,0,1,0,0,1,0,0,0
0.025374310111545468,723,2,0.0,0,0,0,1,0,0,1,0,0,1,0,0,0
0.025374310111545468,724,2,0.0,0,0,0,1,0,0,1,0,0,1,0,0,0
0.10364429745562033,725,1,1.0,1,0,0,1,0,0,1,0,0,1,0,0,0
0.016908073949327893,726,3,0.0,0,0,0,1,0,0,1,0,0,1,0,0,0
0.04098927018018883,727,2,1.0,3,0,1,0,0,0,1,0,0,0,1,0,0
0.015102594191391002,728,3,1.0,0,0,1,0,0,1,0,0,1,0,0,0,0
0.050748620223090936,729,2,0.0,1,0,0,1,0,0,1,0,0,1,0,0,0
0.015468569817999833,730,3,0.0,1,0,1,0,0,0,1,0,1,0,0,0,0
0.41250332793836464,731,1,1.0,0,0,1,0,0,0,1,0,1,0,0,0,0
0.036670757786204655,732,3,0.0,0,1,0,1,1,0,0,0,0,1,0,0,0
0.0,733,2,0.0,0,0,0,1,0,0,1,0,0,1,0,0,0
0.025374310111545468,734,2,0.0,0,0,0,1,0,0,1,0,0,1,0,0,0
0.025374310111545468,735,2,0.0,0,0,0,1,0,0,1,0,0,1,0,0,0
0.031425107138144774,736,3,0.0,0,0,0,1,0,0,1,0,0,1,0,0,0
0.06709553154495196,737,3,0.0,4,0,1,0,0,0,1,0,0,0,1,0,0
1.0,738,1,1.0,0,0,0,1,1,0,0,0,0,1,0,0,0
0.015411575213749284,739,3,0.0,0,0,0,1,0,0,1,0,0,1,0,0,0
0.015411575213749284,740,3,0.0,0,0,0,1,0,0,1,0,0,1,0,0,0
0.05855610025741261,741,1,1.0,0,0,0,1,0,0,1,0,0,1,0,0,0
0.15390495017656614,742,1,0.0,1,0,0,1,0,0,1,0,0,1,0,0,0
0.5121218935012878,743,1,1.0,4,0,1,0,1,0,0,0,1,0,0,0,0
0.031425107138144774,744,3,0.0,1,0,0,1,0,0,1,0,0,1,0,0,0
0.015468569817999833,745,3,1.0,0,0,0,1,0,0,1,0,0,1,0,0,0
0.13858277060920984,746,1,0.0,2,0,0,1,0,0,1,0,0,0,0,1,0
0.03952536767375352,747,3,0.0,2,0,0,1,0,0,1,0,0,1,0,0,0
0.025374310111545468,748,2,1.0,0,0,1,0,0,0,1,0,1,0,0,0,0
0.10364429745562033,749,1,0.0,1,0,0,1,0,0,1,0,0,1,0,0,0
0.015126992566498259,750,3,0.0,0,0,0,1,0,1,0,0,0,1,0,0,0
0.04489301019734967,751,2,1.0,2,1,1,0,0,0,1,0,1,0,0,0,0
0.024349578357040744,752,3,1.0,1,1,0,1,0,0,1,1,0,0,0,0,0
0.018542765081513996,753,3,0.0,0,0,0,1,0,0,1,0,0,1,0,0,0
0.015411575213749284,754,3,0.0,0,0,0,1,0,0,1,0,0,1,0,0,0
0.12687155055772734,755,2,1.0,3,0,1,0,0,0,1,0,0,0,1,0,0
0.028302115124416098,756,2,1.0,2,1,0,1,0,0,1,1,0,0,0,0,0
0.015216388212891242,757,3,0.0,0,0,0,1,0,0,1,0,0,1,0,0,0
0.022446505098674834,758,2,0.0,0,0,0,1,0,0,1,0,0,1,0,0,0
0.015712553569072387,759,3,0.0,0,0,0,1,0,0,1,0,0,1,0,0,0
0.16883675574220638,760,1,1.0,0,0,1,0,0,0,1,0,0,0,0,0,1
0.028302115124416098,761,3,0.0,0,0,0,1,0,0,1,0,0,1,0,0,0
0.013907073811135496,762,3,0.0,0,0,0,1,0,0,1,0,0,1,0,0,0
0.014110458666029575,763,3,1.0,0,0,0,1,1,0,0,0,0,1,0,0,0
0.23422440102965045,764,1,1.0,3,0,1,0,0,0,1,0,0,0,1,0,0
0.015175789316712771,765,3,0.0,0,0,0,1,0,0,1,0,0,1,0,0,0
0.15216446768991498,766,1,1.0,1,0,1,0,0,0,1,0,0,0,1,0,0
0.07729405233978466,767,1,0.0,0,0,0,1,1,0,0,0,0,0,0,1,0
0.015126992566498259,768,3,0.0,0,0,1,0,0,1,0,0,1,0,0,0,0
0.04713766070721715,769,3,0.0,1,0,0,1,0,1,0,0,0,1,0,0,0
0.016322512946753766,770,3,0.0,0,0,0,1,0,0,1,0,0,1,0,0,0
0.018542765081513996,771,3,0.0,0,0,0,1,0,0,1,0,0,1,0,0,0
0.015330377421392339,772,3,0.0,0,0,0,1,0,0,1,0,0,1,0,0,0
0.020494635090094415,773,2,0.0,0,0,1,0,0,0,1,0,0,0,1,0,0
0.014102260811993537,774,3,0.0,0,0,0,1,1,0,0,0,0,1,0,0,0
0.04489301019734967,775,2,1.0,4,0,1,0,0,0,1,0,0,0,1,0,0
0.015126992566498259,776,3,0.0,0,0,0,1,0,0,1,0,0,1,0,0,0
0.015126992566498259,777,3,0.0,0,0,0,1,0,1,0,0,0,1,0,0,0
0.024349578357040744,778,3,1.0,0,1,1,0,0,0,1,0,1,0,0,0,0
0.015102594191391002,779,3,0.0,0,0,0,1,0,1,0,0,0,1,0,0,0
0.41250332793836464,780,1,1.0,1,0,1,0,0,0,1,0,0,0,1,0,0
0.014110458666029575,781,3,1.0,0,0,1,0,1,0,0,0,1,0,0,0,0
0.11125659048908397,782,1,1.0,1,0,1,0,0,0,1,0,0,0,1,0,0
0.05855610025741261,783,1,0.0,0,0,0,1,0,0,1,0,0,1,0,0,0
0.04577135170121086,784,3,0.0,3,0,0,1,0,0,1,0,0,1,0,0,0
0.013760683560491965,785,3,0.0,0,0,0,1,0,0,1,0,0,1,0,0,0
0.014151057562208049,786,3,0.0,0,0,0,1,0,0,1,0,0,1,0,0,0
0.014630827210317115,787,3,1.0,0,0,1,0,0,0,1,0,1,0,0,0,0
0.056848213999904744,788,3,0.0,5,1,0,1,0,1,0,1,0,0,0,0,0
0.04015972542654215,789,3,1.0,3,1,0,1,0,0,1,1,0,0,0,0,0
0.15458810467956932,790,1,0.0,0,0,0,1,1,0,0,0,0,1,0,0,0
0.015126992566498259,791,3,0.0,0,0,0,1,0,1,0,0,0,1,0,0,0
0.050748620223090936,792,2,0.0,0,0,0,1,0,0,1,0,0,1,0,0,0
0.13575255909676823,793,3,0.0,10,0,1,0,0,0,1,0,1,0,0,0,0
0.05991421140938287,794,1,0.0,0,0,0,1,1,0,0,0,0,1,0,0,0
0.015411575213749284,795,3,0.0,0,0,0,1,0,0,1,0,0,1,0,0,0
0.025374310111545468,796,2,0.0,0,0,0,1,0,0,1,0,0,1,0,0,0
0.050610427826483444,797,1,1.0,0,0,1,0,0,0,1,0,0,0,0,1,0
0.016948672845506364,798,3,1.0,0,0,1,0,0,0,1,0,0,0,1,0,0
0.014110458666029575,799,3,0.0,0,0,0,1,1,0,0,0,0,1,0,0,0
0.04713766070721715,800,3,0.0,2,0,1,0,0,0,1,0,0,0,1,0,0
0.025374310111545468,801,2,0.0,0,0,0,1,0,0,1,0,0,1,0,0,0
0.05123658772523604,802,2,1.0,2,0,1,0,0,0,1,0,0,0,1,0,0
0.23422440102965045,803,1,1.0,3,1,0,1,0,0,1,1,0,0,0,0,0
0.016623491302076868,804,3,1.0,1,1,0,1,1,0,0,1,0,0,0,0,0
0.013614293309848433,805,3,1.0,0,0,0,1,0,0,1,0,0,1,0,0,0
0.015175789316712771,806,3,0.0,0,0,0,1,0,0,1,0,0,1,0,0,0
0.0,807,1,0.0,0,0,0,1,0,0,1,0,0,1,0,0,0
0.015175789316712771,808,3,0.0,0,0,1,0,0,0,1,0,1,0,0,0,0
0.025374310111545468,809,2,0.0,0,0,0,1,0,0,1,0,0,1,0,0,0
0.10364429745562033,810,1,1.0,1,0,1,0,0,0,1,0,0,0,1,0,0
0.015395374692678068,811,3,0.0,0,0,0,1,0,0,1,0,0,1,0,0,0
0.04713766070721715,812,3,0.0,0,0,0,1,0,0,1,0,0,1,0,0,0
0.020494635090094415,813,2,0.0,0,0,0,1,0,0,1,0,0,1,0,0,0
0.06104473451835265,814,3,0.0,6,1,1,0,0,0,1,0,1,0,0,0,0
0.015712553569072387,815,3,0.0,0,0,0,1,0,0,1,0,0,1,0,0,0
0.0,816,1,0.0,0,0,0,1,0,0,1,0,0,1,0,0,0
0.015468569817999833,817,3,0.0,0,0,1,0,0,0,1,0,1,0,0,0,0
0.07222738817151159,818,2,0.0,2,0,0,1,1,0,0,0,0,1,0,0,0
0.012589561555343713,819,3,0.0,0,0,0,1,0,0,1,0,0,1,0,0,0
0.05445717323939373,820,3,0.0,5,1,0,1,0,0,1,1,0,0,0,0,0
0.18249984580226933,821,1,1.0,2,0,1,0,0,0,1,0,0,0,1,0,0
0.016908073949327893,822,3,1.0,0,0,0,1,0,0,1,0,0,1,0,0,0
0.0,823,1,0.0,0,0,0,1,0,0,1,0,0,0,0,0,1
0.024349578357040744,824,3,1.0,1,0,1,0,0,0,1,0,0,0,1,0,0
0.07746484096553544,825,3,0.0,5,1,0,1,0,0,1,1,0,0,0,0,0
0.013565496559633922,826,3,0.0,0,0,0,1,0,1,0,0,0,1,0,0,0
0.11027245763075773,827,3,0.0,0,0,0,1,0,0,1,0,0,1,0,0,0
0.07222738817151159,828,2,1.0,2,1,0,1,1,0,0,1,0,0,0,0,0
0.015126992566498259,829,3,1.0,0,0,0,1,0,1,0,0,0,1,0,0,0
0.15614960068643363,830,1,1.0,0,0,1,0,0,0,1,0,0,0,1,0,0
0.028212719478023115,831,3,1.0,1,0,1,0,1,0,0,0,0,0,1,0,0
0.03659756266088288,832,2,1.0,2,1,0,1,0,0,1,1,0,0,0,0,0
0.014110458666029575,833,3,0.0,0,0,0,1,1,0,0,0,0,1,0,0,0
0.015330377421392339,834,3,0.0,0,0,0,1,0,0,1,0,0,1,0,0,0
0.016200521071217493,835,3,0.0,0,0,0,1,0,0,1,0,0,1,0,0,0
0.16231419173453318,836,1,1.0,2,0,1,0,1,0,0,0,1,0,0,0,0
0.016908073949327893,837,3,0.0,0,0,0,1,0,0,1,0,0,1,0,0,0
0.015712553569072387,838,3,0.0,0,0,0,1,0,0,1,0,0,1,0,0,0
0.11027245763075773,839,3,1.0,0,0,0,1,0,0,1,0,0,1,0,0,0
0.057970539254838485,840,1,1.0,0,0,0,1,1,0,0,0,0,1,0,0,0
0.015468569817999833,841,3,0.0,0,0,0,1,0,0,1,0,0,1,0,0,0
0.020494635090094415,842,2,0.0,0,0,0,1,0,0,1,0,0,1,0,0,0
0.060507970265993034,843,1,1.0,0,0,1,0,1,0,0,0,1,0,0,0,0
0.012565163180236457,844,3,0.0,0,0,0,1,1,0,0,0,0,1,0,0,0
0.016908073949327893,845,3,0.0,0,0,0,1,0,0,1,0,0,1,0,0,0
0.014736618564782174,846,3,0.0,0,0,0,1,0,0,1,0,0,1,0,0,0
0.13575255909676823,847,3,0.0,10,0,0,1,0,0,1,0,0,1,0,0,0
0.015411575213749284,848,3,0.0,0,0,0,1,1,0,0,0,0,1,0,0,0
0.06441171028315387,849,2,0.0,1,0,0,1,0,0,1,0,0,0,0,1,0
0.17391981561855152,850,1,1.0,1,0,1,0,1,0,0,0,0,0,1,0,0
0.06104473451835265,851,3,0.0,6,1,0,1,0,0,1,1,0,0,0,0,0
0.015175789316712771,852,3,0.0,0,0,0,1,0,0,1,0,0,1,0,0,0
0.029757819776815374,853,3,0.0,2,1,1,0,1,0,0,0,1,0,0,0,0
0.07690367833806856,854,1,1.0,1,0,1,0,0,0,1,0,1,0,0,0,0
0.050748620223090936,855,2,0.0,1,0,1,0,0,0,1,0,0,0,1,0,0
0.01824998458022693,856,3,1.0,1,0,1,0,0,0,1,0,0,0,1,0,0
0.32179836714362564,857,1,1.0,2,0,1,0,0,0,1,0,0,0,1,0,0
0.051822148727810165,858,1,1.0,0,0,0,1,0,0,1,0,0,1,0,0,0
0.03758969818624431,859,3,1.0,3,0,1,0,1,0,0,0,0,0,1,0,0
0.014110458666029575,860,3,0.0,0,0,0,1,1,0,0,0,0,1,0,0,0
0.027537567642055148,861,3,0.0,2,0,0,1,0,0,1,0,0,1,0,0,0
0.022446505098674834,862,2,0.0,1,0,0,1,0,0,1,0,0,1,0,0,0
0.050610427826483444,863,1,1.0,0,0,1,0,0,0,1,0,0,0,1,0,0
0.13575255909676823,864,3,0.0,10,0,1,0,0,0,1,0,1,0,0,0,0
0.025374310111545468,865,2,0.0,0,0,0,1,0,0,1,0,0,1,0,0,0
0.025374310111545468,866,2,1.0,0,0,1,0,0,0,1,0,0,0,1,0,0
0.027049600139910042,867,2,1.0,1,0,1,0,1,0,0,0,1,0,0,0,0
0.09856123757927521,868,1,0.0,0,0,0,1,0,0,1,0,0,1,0,0,0
0.018542765081513996,869,3,0.0,0,0,0,1,0,0,1,0,0,1,0,0,0
0.021730754366528396,870,3,1.0,2,1,0,1,0,0,1,1,0,0,0,0,0
0.015411575213749284,871,3,0.0,0,0,0,1,0,0,1,0,0,1,0,0,0
0.10257896680493714,872,1,1.0,2,0,1,0,0,0,1,0,0,0,1,0,0
0.009759350042902102,873,1,0.0,0,0,0,1,0,0,1,0,0,1,0,0,0
0.017566830077223785,874,3,0.0,0,0,0,1,0,0,1,0,0,1,0,0,0
0.04684488020593009,875,2,1.0,1,0,1,0,1,0,0,0,0,0,1,0,0
0.014102260811993537,876,3,1.0,0,0,1,0,1,0,0,0,1,0,0,0,0
0.019217721730481106,877,3,0.0,0,0,0,1,0,0,1,0,0,1,0,0,0
0.015411575213749284,878,3,0.0,0,0,0,1,0,0,1,0,0,1,0,0,0
0.015411575213749284,879,3,0.0,0,0,0,1,0,0,1,0,0,1,0,0,0
0.16231419173453318,880,1,1.0,1,0,1,0,1,0,0,0,0,0,1,0,0
0.050748620223090936,881,2,1.0,1,0,1,0,0,0,1,0,0,0,1,0,0
0.015411575213749284,882,3,0.0,0,0,0,1,0,0,1,0,0,1,0,0,0
0.02052723131923771,883,3,0.0,0,0,1,0,0,0,1,0,1,0,0,0,0
0.020494635090094415,884,2,0.0,0,0,0,1,0,0,1,0,0,1,0,0,0
0.013760683560491965,885,3,0.0,0,0,0,1,0,0,1,0,0,1,0,0,0
0.056848213999904744,886,3,0.0,5,0,1,0,0,1,0,0,0,0,1,0,0
0.025374310111545468,887,2,0.0,0,0,0,1,0,0,1,0,0,0,0,1,0
0.05855610025741261,888,1,1.0,0,0,1,0,0,0,1,0,1,0,0,0,0
0.04577135170121086,889,3,0.0,3,0,1,0,0,0,1,0,1,0,0,0,0
0.05855610025741261,890,1,1.0,0,0,0,1,1,0,0,0,0,1,0,0,0
0.015126992566498259,891,3,0.0,0,0,0,1,0,1,0,0,0,1,0,0,0
